<?xml version="1.0" encoding="UTF-8"?>
<project-private xmlns="http://www.netbeans.org/ns/project-private/1">
    <editor-bookmarks xmlns="http://www.netbeans.org/ns/editor-bookmarks/2" lastBookmarkId="0"/>
    <open-files xmlns="http://www.netbeans.org/ns/projectui-open-files/2">
        <group>
            <file>file:/D:/Riphah/Semester%204/oop/Project/OOP_Project/src/BookShopInventory/Brand.java</file>
            <file>file:/D:/Riphah/Semester%204/oop/Project/OOP_Project/src/BookShopInventory/Cashier.java</file>
            <file>file:/D:/Riphah/Semester%204/oop/Project/OOP_Project/src/BookShopInventory/BookShop.java</file>
            <file>file:/D:/Riphah/Semester%204/oop/Project/OOP_Project/src/BookShopInventory/Login.java</file>
            <file>file:/D:/Riphah/Semester%204/oop/Project/OOP_Project/src/prac.java</file>
        </group>
    </open-files>
</project-private>
